"LANGUAGE","NAME","VERSION","LICENSES","COPYRIGHTS","URL"
"nodejs","@ampproject/remapping","2.2.0","Apache-2.0","Copyright 2019 The AMP HTML Authors. All Rights Reserved.","https://www.npmjs.com/package/%40ampproject%2Fremapping"
"nodejs","@apideck/better-ajv-errors","0.3.6","MIT","Copyright (c) 2021 Apideck","https://www.npmjs.com/package/%40apideck%2Fbetter-ajv-errors"
"nodejs","@babel/code-frame","7.18.6","MIT","Copyright (c) 2014-present Sebastian McKenzie and other contributors","https://www.npmjs.com/package/%40babel%2Fcode-frame"
"nodejs","@babel/compat-data","7.21.0","MIT","Copyright (c) 2014-present Sebastian McKenzie and other contributors","https://www.npmjs.com/package/%40babel%2Fcompat-data"
"nodejs","@babel/core","7.21.3","MIT","Copyright (c) 2014-present Sebastian McKenzie and other contributors","https://www.npmjs.com/package/%40babel%2Fcore"
"nodejs","@babel/generator","7.21.3","MIT","Copyright (c) 2014-present Sebastian McKenzie and other contributors","https://www.npmjs.com/package/%40babel%2Fgenerator"
"nodejs","@babel/helper-annotate-as-pure","7.18.6","MIT","Copyright (c) 2014-present Sebastian McKenzie and other contributors","https://www.npmjs.com/package/%40babel%2Fhelper-annotate-as-pure"
"nodejs","@babel/helper-builder-binary-assignment-operator-visitor","7.18.9","MIT","Copyright (c) 2014-present Sebastian McKenzie and other contributors","https://www.npmjs.com/package/%40babel%2Fhelper-builder-binary-assignment-operator-visitor"
"nodejs","@babel/helper-compilation-targets","7.20.7","MIT","Copyright (c) 2014-present Sebastian McKenzie and other contributors","https://www.npmjs.com/package/%40babel%2Fhelper-compilation-targets"
"nodejs","@babel/helper-create-class-features-plugin","7.21.0","MIT","Copyright (c) 2014-present Sebastian McKenzie and other contributors","https://www.npmjs.com/package/%40babel%2Fhelper-create-class-features-plugin"
"nodejs","@babel/helper-create-regexp-features-plugin","7.21.0","MIT","Copyright (c) 2014-present Sebastian McKenzie and other contributors","https://www.npmjs.com/package/%40babel%2Fhelper-create-regexp-features-plugin"
"nodejs","@babel/helper-define-polyfill-provider","0.3.3","MIT","Copyright (c) 2020-present Nicolò Ribaudo and other contributors","https://www.npmjs.com/package/%40babel%2Fhelper-define-polyfill-provider"
"nodejs","@babel/helper-environment-visitor","7.18.9","MIT","Copyright (c) 2014-present Sebastian McKenzie and other contributors","https://www.npmjs.com/package/%40babel%2Fhelper-environment-visitor"
"nodejs","@babel/helper-explode-assignable-expression","7.18.6","MIT","Copyright (c) 2014-present Sebastian McKenzie and other contributors","https://www.npmjs.com/package/%40babel%2Fhelper-explode-assignable-expression"
"nodejs","@babel/helper-function-name","7.21.0","MIT","Copyright (c) 2014-present Sebastian McKenzie and other contributors","https://www.npmjs.com/package/%40babel%2Fhelper-function-name"
"nodejs","@babel/helper-hoist-variables","7.18.6","MIT","Copyright (c) 2014-present Sebastian McKenzie and other contributors","https://www.npmjs.com/package/%40babel%2Fhelper-hoist-variables"
"nodejs","@babel/helper-member-expression-to-functions","7.21.0","MIT","Copyright (c) 2014-present Sebastian McKenzie and other contributors","https://www.npmjs.com/package/%40babel%2Fhelper-member-expression-to-functions"
"nodejs","@babel/helper-module-imports","7.18.6","MIT","Copyright (c) 2014-present Sebastian McKenzie and other contributors","https://www.npmjs.com/package/%40babel%2Fhelper-module-imports"
"nodejs","@babel/helper-module-transforms","7.21.2","MIT","Copyright (c) 2014-present Sebastian McKenzie and other contributors","https://www.npmjs.com/package/%40babel%2Fhelper-module-transforms"
"nodejs","@babel/helper-optimise-call-expression","7.18.6","MIT","Copyright (c) 2014-present Sebastian McKenzie and other contributors","https://www.npmjs.com/package/%40babel%2Fhelper-optimise-call-expression"
"nodejs","@babel/helper-plugin-utils","7.20.2","MIT","Copyright (c) 2014-present Sebastian McKenzie and other contributors","https://www.npmjs.com/package/%40babel%2Fhelper-plugin-utils"
"nodejs","@babel/helper-remap-async-to-generator","7.18.9","MIT","Copyright (c) 2014-present Sebastian McKenzie and other contributors","https://www.npmjs.com/package/%40babel%2Fhelper-remap-async-to-generator"
"nodejs","@babel/helper-replace-supers","7.20.7","MIT","Copyright (c) 2014-present Sebastian McKenzie and other contributors","https://www.npmjs.com/package/%40babel%2Fhelper-replace-supers"
"nodejs","@babel/helper-simple-access","7.20.2","MIT","Copyright (c) 2014-present Sebastian McKenzie and other contributors","https://www.npmjs.com/package/%40babel%2Fhelper-simple-access"
"nodejs","@babel/helper-skip-transparent-expression-wrappers","7.20.0","MIT","Copyright (c) 2014-present Sebastian McKenzie and other contributors","https://www.npmjs.com/package/%40babel%2Fhelper-skip-transparent-expression-wrappers"
"nodejs","@babel/helper-split-export-declaration","7.18.6","MIT","Copyright (c) 2014-present Sebastian McKenzie and other contributors","https://www.npmjs.com/package/%40babel%2Fhelper-split-export-declaration"
"nodejs","@babel/helper-string-parser","7.19.4","MIT","Copyright (c) 2014-present Sebastian McKenzie and other contributors","https://www.npmjs.com/package/%40babel%2Fhelper-string-parser"
"nodejs","@babel/helper-validator-identifier","7.19.1","MIT","Copyright (c) 2014-present Sebastian McKenzie and other contributors","https://www.npmjs.com/package/%40babel%2Fhelper-validator-identifier"
"nodejs","@babel/helper-validator-option","7.21.0","MIT","Copyright (c) 2014-present Sebastian McKenzie and other contributors","https://www.npmjs.com/package/%40babel%2Fhelper-validator-option"
"nodejs","@babel/helper-wrap-function","7.20.5","MIT","Copyright (c) 2014-present Sebastian McKenzie and other contributors","https://www.npmjs.com/package/%40babel%2Fhelper-wrap-function"
"nodejs","@babel/helpers","7.21.0","MIT","Copyright (c) 2014-present Sebastian McKenzie and other contributors","https://www.npmjs.com/package/%40babel%2Fhelpers"
"nodejs","@babel/highlight","7.18.6","MIT","Copyright (c) 2014-present Sebastian McKenzie and other contributors","https://www.npmjs.com/package/%40babel%2Fhighlight"
"nodejs","@babel/parser","7.18.13","MIT","Copyright (c) 2014-present Sebastian McKenzie and other contributors","https://www.npmjs.com/package/%40babel%2Fparser"
"nodejs","@babel/parser","7.21.3","MIT","Copyright (c) 2014-present Sebastian McKenzie and other contributors","https://www.npmjs.com/package/%40babel%2Fparser"
"nodejs","@babel/plugin-bugfix-safari-id-destructuring-collision-in-function-expression","7.18.6","MIT","Copyright (c) 2014-present Sebastian McKenzie and other contributors","https://www.npmjs.com/package/%40babel%2Fplugin-bugfix-safari-id-destructuring-collision-in-function-expression"
"nodejs","@babel/plugin-bugfix-v8-spread-parameters-in-optional-chaining","7.20.7","MIT","Copyright (c) 2014-present Sebastian McKenzie and other contributors","https://www.npmjs.com/package/%40babel%2Fplugin-bugfix-v8-spread-parameters-in-optional-chaining"
"nodejs","@babel/plugin-proposal-async-generator-functions","7.20.7","MIT","Copyright (c) 2014-present Sebastian McKenzie and other contributors","https://www.npmjs.com/package/%40babel%2Fplugin-proposal-async-generator-functions"
"nodejs","@babel/plugin-proposal-class-properties","7.18.6","MIT","Copyright (c) 2014-present Sebastian McKenzie and other contributors","https://www.npmjs.com/package/%40babel%2Fplugin-proposal-class-properties"
"nodejs","@babel/plugin-proposal-class-static-block","7.21.0","MIT","Copyright (c) 2014-present Sebastian McKenzie and other contributors","https://www.npmjs.com/package/%40babel%2Fplugin-proposal-class-static-block"
"nodejs","@babel/plugin-proposal-dynamic-import","7.18.6","MIT","Copyright (c) 2014-present Sebastian McKenzie and other contributors","https://www.npmjs.com/package/%40babel%2Fplugin-proposal-dynamic-import"
"nodejs","@babel/plugin-proposal-export-namespace-from","7.18.9","MIT","Copyright (c) 2014-present Sebastian McKenzie and other contributors","https://www.npmjs.com/package/%40babel%2Fplugin-proposal-export-namespace-from"
"nodejs","@babel/plugin-proposal-json-strings","7.18.6","MIT","Copyright (c) 2014-present Sebastian McKenzie and other contributors","https://www.npmjs.com/package/%40babel%2Fplugin-proposal-json-strings"
"nodejs","@babel/plugin-proposal-logical-assignment-operators","7.20.7","MIT","Copyright (c) 2014-present Sebastian McKenzie and other contributors","https://www.npmjs.com/package/%40babel%2Fplugin-proposal-logical-assignment-operators"
"nodejs","@babel/plugin-proposal-nullish-coalescing-operator","7.18.6","MIT","Copyright (c) 2014-present Sebastian McKenzie and other contributors","https://www.npmjs.com/package/%40babel%2Fplugin-proposal-nullish-coalescing-operator"
"nodejs","@babel/plugin-proposal-numeric-separator","7.18.6","MIT","Copyright (c) 2014-present Sebastian McKenzie and other contributors","https://www.npmjs.com/package/%40babel%2Fplugin-proposal-numeric-separator"
"nodejs","@babel/plugin-proposal-object-rest-spread","7.20.7","MIT","Copyright (c) 2014-present Sebastian McKenzie and other contributors","https://www.npmjs.com/package/%40babel%2Fplugin-proposal-object-rest-spread"
"nodejs","@babel/plugin-proposal-optional-catch-binding","7.18.6","MIT","Copyright (c) 2014-present Sebastian McKenzie and other contributors","https://www.npmjs.com/package/%40babel%2Fplugin-proposal-optional-catch-binding"
"nodejs","@babel/plugin-proposal-optional-chaining","7.21.0","MIT","Copyright (c) 2014-present Sebastian McKenzie and other contributors","https://www.npmjs.com/package/%40babel%2Fplugin-proposal-optional-chaining"
"nodejs","@babel/plugin-proposal-private-methods","7.18.6","MIT","Copyright (c) 2014-present Sebastian McKenzie and other contributors","https://www.npmjs.com/package/%40babel%2Fplugin-proposal-private-methods"
"nodejs","@babel/plugin-proposal-private-property-in-object","7.21.0","MIT","Copyright (c) 2014-present Sebastian McKenzie and other contributors","https://www.npmjs.com/package/%40babel%2Fplugin-proposal-private-property-in-object"
"nodejs","@babel/plugin-proposal-unicode-property-regex","7.18.6","MIT","Copyright (c) 2014-present Sebastian McKenzie and other contributors","https://www.npmjs.com/package/%40babel%2Fplugin-proposal-unicode-property-regex"
"nodejs","@babel/plugin-syntax-async-generators","7.8.4","MIT","Copyright (c) 2014-present Sebastian McKenzie and other contributors","https://www.npmjs.com/package/%40babel%2Fplugin-syntax-async-generators"
"nodejs","@babel/plugin-syntax-class-properties","7.12.13","MIT","Copyright (c) 2014-present Sebastian McKenzie and other contributors","https://www.npmjs.com/package/%40babel%2Fplugin-syntax-class-properties"
"nodejs","@babel/plugin-syntax-class-static-block","7.14.5","MIT","Copyright (c) 2014-present Sebastian McKenzie and other contributors","https://www.npmjs.com/package/%40babel%2Fplugin-syntax-class-static-block"
"nodejs","@babel/plugin-syntax-dynamic-import","7.8.3","MIT","Copyright (c) 2014-present Sebastian McKenzie and other contributors","https://www.npmjs.com/package/%40babel%2Fplugin-syntax-dynamic-import"
"nodejs","@babel/plugin-syntax-export-namespace-from","7.8.3","MIT","Copyright (c) 2014-present Sebastian McKenzie and other contributors","https://www.npmjs.com/package/%40babel%2Fplugin-syntax-export-namespace-from"
"nodejs","@babel/plugin-syntax-import-assertions","7.20.0","MIT","Copyright (c) 2014-present Sebastian McKenzie and other contributors","https://www.npmjs.com/package/%40babel%2Fplugin-syntax-import-assertions"
"nodejs","@babel/plugin-syntax-json-strings","7.8.3","MIT","Copyright (c) 2014-present Sebastian McKenzie and other contributors","https://www.npmjs.com/package/%40babel%2Fplugin-syntax-json-strings"
"nodejs","@babel/plugin-syntax-logical-assignment-operators","7.10.4","MIT","Copyright (c) 2014-present Sebastian McKenzie and other contributors","https://www.npmjs.com/package/%40babel%2Fplugin-syntax-logical-assignment-operators"
"nodejs","@babel/plugin-syntax-nullish-coalescing-operator","7.8.3","MIT","Copyright (c) 2014-present Sebastian McKenzie and other contributors","https://www.npmjs.com/package/%40babel%2Fplugin-syntax-nullish-coalescing-operator"
"nodejs","@babel/plugin-syntax-numeric-separator","7.10.4","MIT","Copyright (c) 2014-present Sebastian McKenzie and other contributors","https://www.npmjs.com/package/%40babel%2Fplugin-syntax-numeric-separator"
"nodejs","@babel/plugin-syntax-object-rest-spread","7.8.3","MIT","Copyright (c) 2014-present Sebastian McKenzie and other contributors","https://www.npmjs.com/package/%40babel%2Fplugin-syntax-object-rest-spread"
"nodejs","@babel/plugin-syntax-optional-catch-binding","7.8.3","MIT","Copyright (c) 2014-present Sebastian McKenzie and other contributors","https://www.npmjs.com/package/%40babel%2Fplugin-syntax-optional-catch-binding"
"nodejs","@babel/plugin-syntax-optional-chaining","7.8.3","MIT","Copyright (c) 2014-present Sebastian McKenzie and other contributors","https://www.npmjs.com/package/%40babel%2Fplugin-syntax-optional-chaining"
"nodejs","@babel/plugin-syntax-private-property-in-object","7.14.5","MIT","Copyright (c) 2014-present Sebastian McKenzie and other contributors","https://www.npmjs.com/package/%40babel%2Fplugin-syntax-private-property-in-object"
"nodejs","@babel/plugin-syntax-top-level-await","7.14.5","MIT","Copyright (c) 2014-present Sebastian McKenzie and other contributors","https://www.npmjs.com/package/%40babel%2Fplugin-syntax-top-level-await"
"nodejs","@babel/plugin-transform-arrow-functions","7.20.7","MIT","Copyright (c) 2014-present Sebastian McKenzie and other contributors","https://www.npmjs.com/package/%40babel%2Fplugin-transform-arrow-functions"
"nodejs","@babel/plugin-transform-async-to-generator","7.20.7","MIT","Copyright (c) 2014-present Sebastian McKenzie and other contributors","https://www.npmjs.com/package/%40babel%2Fplugin-transform-async-to-generator"
"nodejs","@babel/plugin-transform-block-scoped-functions","7.18.6","MIT","Copyright (c) 2014-present Sebastian McKenzie and other contributors","https://www.npmjs.com/package/%40babel%2Fplugin-transform-block-scoped-functions"
"nodejs","@babel/plugin-transform-block-scoping","7.21.0","MIT","Copyright (c) 2014-present Sebastian McKenzie and other contributors","https://www.npmjs.com/package/%40babel%2Fplugin-transform-block-scoping"
"nodejs","@babel/plugin-transform-classes","7.21.0","MIT","Copyright (c) 2014-present Sebastian McKenzie and other contributors","https://www.npmjs.com/package/%40babel%2Fplugin-transform-classes"
"nodejs","@babel/plugin-transform-computed-properties","7.20.7","MIT","Copyright (c) 2014-present Sebastian McKenzie and other contributors","https://www.npmjs.com/package/%40babel%2Fplugin-transform-computed-properties"
"nodejs","@babel/plugin-transform-destructuring","7.21.3","MIT","Copyright (c) 2014-present Sebastian McKenzie and other contributors","https://www.npmjs.com/package/%40babel%2Fplugin-transform-destructuring"
"nodejs","@babel/plugin-transform-dotall-regex","7.18.6","MIT","Copyright (c) 2014-present Sebastian McKenzie and other contributors","https://www.npmjs.com/package/%40babel%2Fplugin-transform-dotall-regex"
"nodejs","@babel/plugin-transform-duplicate-keys","7.18.9","MIT","Copyright (c) 2014-present Sebastian McKenzie and other contributors","https://www.npmjs.com/package/%40babel%2Fplugin-transform-duplicate-keys"
"nodejs","@babel/plugin-transform-exponentiation-operator","7.18.6","MIT","Copyright (c) 2014-present Sebastian McKenzie and other contributors","https://www.npmjs.com/package/%40babel%2Fplugin-transform-exponentiation-operator"
"nodejs","@babel/plugin-transform-for-of","7.21.0","MIT","Copyright (c) 2014-present Sebastian McKenzie and other contributors","https://www.npmjs.com/package/%40babel%2Fplugin-transform-for-of"
"nodejs","@babel/plugin-transform-function-name","7.18.9","MIT","Copyright (c) 2014-present Sebastian McKenzie and other contributors","https://www.npmjs.com/package/%40babel%2Fplugin-transform-function-name"
"nodejs","@babel/plugin-transform-literals","7.18.9","MIT","Copyright (c) 2014-present Sebastian McKenzie and other contributors","https://www.npmjs.com/package/%40babel%2Fplugin-transform-literals"
"nodejs","@babel/plugin-transform-member-expression-literals","7.18.6","MIT","Copyright (c) 2014-present Sebastian McKenzie and other contributors","https://www.npmjs.com/package/%40babel%2Fplugin-transform-member-expression-literals"
"nodejs","@babel/plugin-transform-modules-amd","7.20.11","MIT","Copyright (c) 2014-present Sebastian McKenzie and other contributors","https://www.npmjs.com/package/%40babel%2Fplugin-transform-modules-amd"
"nodejs","@babel/plugin-transform-modules-commonjs","7.21.2","MIT","Copyright (c) 2014-present Sebastian McKenzie and other contributors","https://www.npmjs.com/package/%40babel%2Fplugin-transform-modules-commonjs"
"nodejs","@babel/plugin-transform-modules-systemjs","7.20.11","MIT","Copyright (c) 2014-present Sebastian McKenzie and other contributors","https://www.npmjs.com/package/%40babel%2Fplugin-transform-modules-systemjs"
"nodejs","@babel/plugin-transform-modules-umd","7.18.6","MIT","Copyright (c) 2014-present Sebastian McKenzie and other contributors","https://www.npmjs.com/package/%40babel%2Fplugin-transform-modules-umd"
"nodejs","@babel/plugin-transform-named-capturing-groups-regex","7.20.5","MIT","Copyright (c) 2014-present Sebastian McKenzie and other contributors","https://www.npmjs.com/package/%40babel%2Fplugin-transform-named-capturing-groups-regex"
"nodejs","@babel/plugin-transform-new-target","7.18.6","MIT","Copyright (c) 2014-present Sebastian McKenzie and other contributors","https://www.npmjs.com/package/%40babel%2Fplugin-transform-new-target"
"nodejs","@babel/plugin-transform-object-super","7.18.6","MIT","Copyright (c) 2014-present Sebastian McKenzie and other contributors","https://www.npmjs.com/package/%40babel%2Fplugin-transform-object-super"
"nodejs","@babel/plugin-transform-parameters","7.21.3","MIT","Copyright (c) 2014-present Sebastian McKenzie and other contributors","https://www.npmjs.com/package/%40babel%2Fplugin-transform-parameters"
"nodejs","@babel/plugin-transform-property-literals","7.18.6","MIT","Copyright (c) 2014-present Sebastian McKenzie and other contributors","https://www.npmjs.com/package/%40babel%2Fplugin-transform-property-literals"
"nodejs","@babel/plugin-transform-regenerator","7.20.5","MIT","Copyright (c) 2014-present Sebastian McKenzie and other contributors","https://www.npmjs.com/package/%40babel%2Fplugin-transform-regenerator"
"nodejs","@babel/plugin-transform-reserved-words","7.18.6","MIT","Copyright (c) 2014-present Sebastian McKenzie and other contributors","https://www.npmjs.com/package/%40babel%2Fplugin-transform-reserved-words"
"nodejs","@babel/plugin-transform-shorthand-properties","7.18.6","MIT","Copyright (c) 2014-present Sebastian McKenzie and other contributors","https://www.npmjs.com/package/%40babel%2Fplugin-transform-shorthand-properties"
"nodejs","@babel/plugin-transform-spread","7.20.7","MIT","Copyright (c) 2014-present Sebastian McKenzie and other contributors","https://www.npmjs.com/package/%40babel%2Fplugin-transform-spread"
"nodejs","@babel/plugin-transform-sticky-regex","7.18.6","MIT","Copyright (c) 2014-present Sebastian McKenzie and other contributors","https://www.npmjs.com/package/%40babel%2Fplugin-transform-sticky-regex"
"nodejs","@babel/plugin-transform-template-literals","7.18.9","MIT","Copyright (c) 2014-present Sebastian McKenzie and other contributors","https://www.npmjs.com/package/%40babel%2Fplugin-transform-template-literals"
"nodejs","@babel/plugin-transform-typeof-symbol","7.18.9","MIT","Copyright (c) 2014-present Sebastian McKenzie and other contributors","https://www.npmjs.com/package/%40babel%2Fplugin-transform-typeof-symbol"
"nodejs","@babel/plugin-transform-unicode-escapes","7.18.10","MIT","Copyright (c) 2014-present Sebastian McKenzie and other contributors","https://www.npmjs.com/package/%40babel%2Fplugin-transform-unicode-escapes"
"nodejs","@babel/plugin-transform-unicode-regex","7.18.6","MIT","Copyright (c) 2014-present Sebastian McKenzie and other contributors","https://www.npmjs.com/package/%40babel%2Fplugin-transform-unicode-regex"
"nodejs","@babel/preset-env","7.20.2","MIT","Copyright (c) 2014-present Sebastian McKenzie and other contributors","https://www.npmjs.com/package/%40babel%2Fpreset-env"
"nodejs","@babel/preset-modules","0.1.5","MIT","Copyright (c) 2020 Babel","https://www.npmjs.com/package/%40babel%2Fpreset-modules"
"nodejs","@babel/regjsgen","0.8.0","MIT","Copyright 20142020 Benjamin Tan","https://www.npmjs.com/package/%40babel%2Fregjsgen"
"nodejs","@babel/runtime","7.21.0","MIT","Copyright (c) 2014-present Sebastian McKenzie and other contributors","https://www.npmjs.com/package/%40babel%2Fruntime"
"nodejs","@babel/template","7.20.7","MIT","Copyright (c) 2014-present Sebastian McKenzie and other contributors","https://www.npmjs.com/package/%40babel%2Ftemplate"
"nodejs","@babel/traverse","7.21.3","MIT","Copyright (c) 2014-present Sebastian McKenzie and other contributors","https://www.npmjs.com/package/%40babel%2Ftraverse"
"nodejs","@babel/types","7.21.3","MIT","Copyright (c) 2014-present Sebastian McKenzie and other contributors","https://www.npmjs.com/package/%40babel%2Ftypes"
"nodejs","@chenfengyuan/vue-countdown","2.1.0","MIT","Copyright 2018-present Chen Fengyuan","https://www.npmjs.com/package/%40chenfengyuan%2Fvue-countdown"
"nodejs","@esbuild/android-arm64","--","MIT","Copyright (c) 2020 Evan Wallace","https://www.npmjs.com/package/%40esbuild%2Fandroid-arm64"
"nodejs","@esbuild/android-x64","--","MIT","Copyright (c) 2020 Evan Wallace","https://www.npmjs.com/package/%40esbuild%2Fandroid-x64"
"nodejs","@esbuild/darwin-arm64","--","MIT","Copyright (c) 2020 Evan Wallace","https://www.npmjs.com/package/%40esbuild%2Fdarwin-arm64"
"nodejs","@esbuild/darwin-x64","--","MIT","Copyright (c) 2020 Evan Wallace","https://www.npmjs.com/package/%40esbuild%2Fdarwin-x64"
"nodejs","@esbuild/freebsd-arm64","--","MIT","Copyright (c) 2020 Evan Wallace","https://www.npmjs.com/package/%40esbuild%2Ffreebsd-arm64"
"nodejs","@esbuild/freebsd-x64","--","MIT","Copyright (c) 2020 Evan Wallace","https://www.npmjs.com/package/%40esbuild%2Ffreebsd-x64"
"nodejs","@esbuild/linux-arm","--","MIT","Copyright (c) 2020 Evan Wallace","https://www.npmjs.com/package/%40esbuild%2Flinux-arm"
"nodejs","@esbuild/linux-arm64","--","MIT","Copyright (c) 2020 Evan Wallace","https://www.npmjs.com/package/%40esbuild%2Flinux-arm64"
"nodejs","@esbuild/linux-ia32","--","MIT","Copyright (c) 2020 Evan Wallace","https://www.npmjs.com/package/%40esbuild%2Flinux-ia32"
"nodejs","@esbuild/linux-mips64el","--","MIT","Copyright (c) 2020 Evan Wallace","https://www.npmjs.com/package/%40esbuild%2Flinux-mips64el"
"nodejs","@esbuild/linux-ppc64","--","MIT","Copyright (c) 2020 Evan Wallace","https://www.npmjs.com/package/%40esbuild%2Flinux-ppc64"
"nodejs","@esbuild/linux-riscv64","--","MIT","Copyright (c) 2020 Evan Wallace","https://www.npmjs.com/package/%40esbuild%2Flinux-riscv64"
"nodejs","@esbuild/linux-s390x","--","MIT","Copyright (c) 2020 Evan Wallace","https://www.npmjs.com/package/%40esbuild%2Flinux-s390x"
"nodejs","@esbuild/linux-x64","0.17.2","MIT","Copyright (c) 2020 Evan Wallace","https://www.npmjs.com/package/%40esbuild%2Flinux-x64"
"nodejs","@esbuild/netbsd-x64","--","MIT","Copyright (c) 2020 Evan Wallace","https://www.npmjs.com/package/%40esbuild%2Fnetbsd-x64"
"nodejs","@esbuild/openbsd-x64","--","MIT","Copyright (c) 2020 Evan Wallace","https://www.npmjs.com/package/%40esbuild%2Fopenbsd-x64"
"nodejs","@esbuild/sunos-x64","--","MIT","Copyright (c) 2020 Evan Wallace","https://www.npmjs.com/package/%40esbuild%2Fsunos-x64"
"nodejs","@esbuild/win32-arm64","--","MIT","Copyright (c) 2020 Evan Wallace","https://www.npmjs.com/package/%40esbuild%2Fwin32-arm64"
"nodejs","@esbuild/win32-ia32","--","MIT","Copyright (c) 2020 Evan Wallace","https://www.npmjs.com/package/%40esbuild%2Fwin32-ia32"
"nodejs","@esbuild/win32-x64","--","MIT","Copyright (c) 2020 Evan Wallace","https://www.npmjs.com/package/%40esbuild%2Fwin32-x64"
"nodejs","@firebase/analytics","0.10.0","Apache-2.0","Copyright 2017 Google LLC","https://www.npmjs.com/package/%40firebase%2Fanalytics"
"nodejs","@firebase/analytics-compat","0.2.6","Apache-2.0","Copyright 2017 Google LLC","https://www.npmjs.com/package/%40firebase%2Fanalytics-compat"
"nodejs","@firebase/analytics-types","0.8.0","Apache-2.0","Copyright 2017 Google LLC","https://www.npmjs.com/package/%40firebase%2Fanalytics-types"
"nodejs","@firebase/app","0.9.11","Apache-2.0","Copyright 2017 Google LLC","https://www.npmjs.com/package/%40firebase%2Fapp"
"nodejs","@firebase/app-check","0.8.0","Apache-2.0","Copyright 2017 Google LLC","https://www.npmjs.com/package/%40firebase%2Fapp-check"
"nodejs","@firebase/app-check-compat","0.3.7","Apache-2.0","Copyright 2017 Google LLC","https://www.npmjs.com/package/%40firebase%2Fapp-check-compat"
"nodejs","@firebase/app-check-interop-types","0.3.0","Apache-2.0","Copyright 2017 Google LLC","https://www.npmjs.com/package/%40firebase%2Fapp-check-interop-types"
"nodejs","@firebase/app-check-types","0.5.0","Apache-2.0","Copyright 2017 Google LLC","https://www.npmjs.com/package/%40firebase%2Fapp-check-types"
"nodejs","@firebase/app-compat","0.2.11","Apache-2.0","Copyright 2017 Google LLC","https://www.npmjs.com/package/%40firebase%2Fapp-compat"
"nodejs","@firebase/app-types","0.9.0","Apache-2.0","Copyright 2017 Google LLC","https://www.npmjs.com/package/%40firebase%2Fapp-types"
"nodejs","@firebase/auth","0.23.2","Apache-2.0","","https://www.npmjs.com/package/%40firebase%2Fauth"
"nodejs","@firebase/auth-compat","0.4.2","Apache-2.0","Copyright 2017 Google LLC","https://www.npmjs.com/package/%40firebase%2Fauth-compat"
"nodejs","@firebase/auth-interop-types","0.2.1","Apache-2.0","Copyright 2017 Google LLC","https://www.npmjs.com/package/%40firebase%2Fauth-interop-types"
"nodejs","@firebase/auth-types","0.12.0","Apache-2.0","Copyright 2017 Google LLC","https://www.npmjs.com/package/%40firebase%2Fauth-types"
"nodejs","@firebase/component","0.6.4","Apache-2.0","Copyright 2017 Google LLC","https://www.npmjs.com/package/%40firebase%2Fcomponent"
"nodejs","@firebase/database","0.14.4","Apache-2.0","Copyright 2017 Google LLC","https://www.npmjs.com/package/%40firebase%2Fdatabase"
"nodejs","@firebase/database-compat","0.3.4","Apache-2.0","Copyright 2017 Google LLC","https://www.npmjs.com/package/%40firebase%2Fdatabase-compat"
"nodejs","@firebase/database-types","0.10.4","Apache-2.0","Copyright 2017 Google LLC","https://www.npmjs.com/package/%40firebase%2Fdatabase-types"
"nodejs","@firebase/firestore","3.12.1","Apache-2.0","Copyright 2017 Google LLC","https://www.npmjs.com/package/%40firebase%2Ffirestore"
"nodejs","@firebase/firestore-compat","0.3.10","Apache-2.0","Copyright 2017 Google LLC","https://www.npmjs.com/package/%40firebase%2Ffirestore-compat"
"nodejs","@firebase/firestore-types","2.5.1","Apache-2.0","Copyright 2017 Google LLC","https://www.npmjs.com/package/%40firebase%2Ffirestore-types"
"nodejs","@firebase/functions","0.10.0","Apache-2.0","Copyright 2017 Google LLC","https://www.npmjs.com/package/%40firebase%2Ffunctions"
"nodejs","@firebase/functions-compat","0.3.5","Apache-2.0","Copyright 2017 Google LLC","https://www.npmjs.com/package/%40firebase%2Ffunctions-compat"
"nodejs","@firebase/functions-types","0.6.0","Apache-2.0","","https://www.npmjs.com/package/%40firebase%2Ffunctions-types"
"nodejs","@firebase/installations","0.6.4","Apache-2.0","Copyright 2017 Google LLC","https://www.npmjs.com/package/%40firebase%2Finstallations"
"nodejs","@firebase/installations-compat","0.2.4","Apache-2.0","Copyright 2017 Google LLC","https://www.npmjs.com/package/%40firebase%2Finstallations-compat"
"nodejs","@firebase/installations-types","0.5.0","Apache-2.0","Copyright 2017 Google LLC","https://www.npmjs.com/package/%40firebase%2Finstallations-types"
"nodejs","@firebase/logger","0.4.0","Apache-2.0","Copyright 2017 Google LLC","https://www.npmjs.com/package/%40firebase%2Flogger"
"nodejs","@firebase/messaging","0.12.4","Apache-2.0","Copyright 2017 Google LLC","https://www.npmjs.com/package/%40firebase%2Fmessaging"
"nodejs","@firebase/messaging-compat","0.2.4","Apache-2.0","Copyright 2017 Google LLC","https://www.npmjs.com/package/%40firebase%2Fmessaging-compat"
"nodejs","@firebase/messaging-interop-types","0.2.0","Apache-2.0","Copyright 2017 Google LLC","https://www.npmjs.com/package/%40firebase%2Fmessaging-interop-types"
"nodejs","@firebase/performance","0.6.4","Apache-2.0","Copyright 2017 Google LLC","https://www.npmjs.com/package/%40firebase%2Fperformance"
"nodejs","@firebase/performance-compat","0.2.4","Apache-2.0","Copyright 2017 Google LLC","https://www.npmjs.com/package/%40firebase%2Fperformance-compat"
"nodejs","@firebase/performance-types","0.2.0","Apache-2.0","Copyright 2017 Google LLC","https://www.npmjs.com/package/%40firebase%2Fperformance-types"
"nodejs","@firebase/remote-config","0.4.4","Apache-2.0","Copyright 2017 Google LLC","https://www.npmjs.com/package/%40firebase%2Fremote-config"
"nodejs","@firebase/remote-config-compat","0.2.4","Apache-2.0","Copyright 2017 Google LLC","https://www.npmjs.com/package/%40firebase%2Fremote-config-compat"
"nodejs","@firebase/remote-config-types","0.3.0","Apache-2.0","","https://www.npmjs.com/package/%40firebase%2Fremote-config-types"
"nodejs","@firebase/storage","0.11.2","Apache-2.0","Copyright 2017 Google LLC","https://www.npmjs.com/package/%40firebase%2Fstorage"
"nodejs","@firebase/storage-compat","0.3.2","Apache-2.0","Copyright 2017 Google LLC","https://www.npmjs.com/package/%40firebase%2Fstorage-compat"
"nodejs","@firebase/storage-types","0.8.0","Apache-2.0","Copyright 2017 Google LLC","https://www.npmjs.com/package/%40firebase%2Fstorage-types"
"nodejs","@firebase/util","1.9.3","Apache-2.0","Copyright 2017 Google LLC","https://www.npmjs.com/package/%40firebase%2Futil"
"nodejs","@firebase/webchannel-wrapper","0.10.1","Apache-2.0","Copyright 2017 Google LLC","https://www.npmjs.com/package/%40firebase%2Fwebchannel-wrapper"
"nodejs","@grpc/grpc-js","1.7.3","Apache-2.0","Copyright 2019 gRPC authors.","https://www.npmjs.com/package/%40grpc%2Fgrpc-js"
"nodejs","@grpc/proto-loader","0.6.13","Apache-2.0","Copyright 2019 gRPC authors.","https://www.npmjs.com/package/%40grpc%2Fproto-loader"
"nodejs","@grpc/proto-loader","0.7.7","Apache-2.0","Copyright 2019 gRPC authors.","https://www.npmjs.com/package/%40grpc%2Fproto-loader"
"nodejs","@jridgewell/gen-mapping","0.1.1","MIT","Copyright 2022 Justin Ridgewell <jridgewell@google.com>","https://www.npmjs.com/package/%40jridgewell%2Fgen-mapping"
"nodejs","@jridgewell/gen-mapping","0.3.2","MIT","Copyright 2022 Justin Ridgewell <jridgewell@google.com>","https://www.npmjs.com/package/%40jridgewell%2Fgen-mapping"
"nodejs","@jridgewell/resolve-uri","3.1.0","MIT","Copyright 2019 Justin Ridgewell <jridgewell@google.com>","https://www.npmjs.com/package/%40jridgewell%2Fresolve-uri"
"nodejs","@jridgewell/set-array","1.1.2","MIT","Copyright 2022 Justin Ridgewell <jridgewell@google.com>","https://www.npmjs.com/package/%40jridgewell%2Fset-array"
"nodejs","@jridgewell/source-map","0.3.2","MIT","Copyright 2019 Justin Ridgewell <jridgewell@google.com>","https://www.npmjs.com/package/%40jridgewell%2Fsource-map"
"nodejs","@jridgewell/sourcemap-codec","1.4.14","MIT","Copyright (c) 2015 Rich Harris","https://www.npmjs.com/package/%40jridgewell%2Fsourcemap-codec"
"nodejs","@jridgewell/trace-mapping","0.3.17","MIT","Copyright 2022 Justin Ridgewell <justin@ridgewell.name>","https://www.npmjs.com/package/%40jridgewell%2Ftrace-mapping"
"nodejs","@popperjs/core","2.11.6","MIT","Copyright (c) 2021 Floating UI contributors","https://www.npmjs.com/package/%40popperjs%2Fcore"
"nodejs","@protobufjs/aspromise","1.1.2","BSD-3-Clause","Copyright (c) 2016, Daniel Wirtz  All rights reserved.","https://www.npmjs.com/package/%40protobufjs%2Faspromise"
"nodejs","@protobufjs/base64","1.1.2","BSD-3-Clause","Copyright (c) 2016, Daniel Wirtz  All rights reserved.","https://www.npmjs.com/package/%40protobufjs%2Fbase64"
"nodejs","@protobufjs/codegen","2.0.4","BSD-3-Clause","Copyright (c) 2016, Daniel Wirtz  All rights reserved.","https://www.npmjs.com/package/%40protobufjs%2Fcodegen"
"nodejs","@protobufjs/eventemitter","1.1.0","BSD-3-Clause","Copyright (c) 2016, Daniel Wirtz  All rights reserved.","https://www.npmjs.com/package/%40protobufjs%2Feventemitter"
"nodejs","@protobufjs/fetch","1.1.0","BSD-3-Clause","Copyright (c) 2016, Daniel Wirtz  All rights reserved.","https://www.npmjs.com/package/%40protobufjs%2Ffetch"
"nodejs","@protobufjs/float","1.0.2","BSD-3-Clause","Copyright (c) 2016, Daniel Wirtz  All rights reserved.","https://www.npmjs.com/package/%40protobufjs%2Ffloat"
"nodejs","@protobufjs/inquire","1.1.0","BSD-3-Clause","Copyright (c) 2016, Daniel Wirtz  All rights reserved.","https://www.npmjs.com/package/%40protobufjs%2Finquire"
"nodejs","@protobufjs/path","1.1.2","BSD-3-Clause","Copyright (c) 2016, Daniel Wirtz  All rights reserved.","https://www.npmjs.com/package/%40protobufjs%2Fpath"
"nodejs","@protobufjs/pool","1.1.0","BSD-3-Clause","Copyright (c) 2016, Daniel Wirtz  All rights reserved.","https://www.npmjs.com/package/%40protobufjs%2Fpool"
"nodejs","@protobufjs/utf8","1.1.0","BSD-3-Clause","Copyright (c) 2016, Daniel Wirtz  All rights reserved.","https://www.npmjs.com/package/%40protobufjs%2Futf8"
"nodejs","@rollup/plugin-babel","5.3.1","MIT","Copyright (c) 2019 RollupJS Plugin Contributors (https://github.com/rollup/plugins/graphs/contributors)","https://www.npmjs.com/package/%40rollup%2Fplugin-babel"
"nodejs","@rollup/plugin-node-resolve","11.2.1","MIT","Copyright (c) 2019 RollupJS Plugin Contributors (https://github.com/rollup/plugins/graphs/contributors)","https://www.npmjs.com/package/%40rollup%2Fplugin-node-resolve"
"nodejs","@rollup/plugin-replace","2.4.2","MIT","Copyright (c) 2019 RollupJS Plugin Contributors (https://github.com/rollup/plugins/graphs/contributors)","https://www.npmjs.com/package/%40rollup%2Fplugin-replace"
"nodejs","@rollup/pluginutils","3.1.0","MIT","Copyright (c) 2019 RollupJS Plugin Contributors (https://github.com/rollup/plugins/graphs/contributors)","https://www.npmjs.com/package/%40rollup%2Fpluginutils"
"nodejs","@surma/rollup-plugin-off-main-thread","2.2.3","Apache-2.0","Copyright 2018 Google Inc.","https://www.npmjs.com/package/%40surma%2Frollup-plugin-off-main-thread"
"nodejs","@types/babel__core","--","MIT","Copyrights are respective of each contributor listed at the beginning of each definition file","https://www.npmjs.com/package/%40types%2Fbabel__core"
"nodejs","@types/estree","0.0.39","MIT","Copyrights are respective of each contributor listed at the beginning of each definition file","https://www.npmjs.com/package/%40types%2Festree"
"nodejs","@types/long","4.0.2","MIT","Copyrights are respective of each contributor listed at the beginning of each definition file","https://www.npmjs.com/package/%40types%2Flong"
"nodejs","@types/node","18.15.5","MIT","Copyrights are respective of each contributor listed at the beginning of each definition file","https://www.npmjs.com/package/%40types%2Fnode"
"nodejs","@types/resolve","1.17.1","MIT","Copyrights are respective of each contributor listed at the beginning of each definition file","https://www.npmjs.com/package/%40types%2Fresolve"
"nodejs","@types/trusted-types","2.0.3","MIT","Copyrights are respective of each contributor listed at the beginning of each definition file","https://www.npmjs.com/package/%40types%2Ftrusted-types"
"nodejs","@vue/compiler-core","3.2.37","MIT","Copyright (c) 2018-present, Yuxi (Evan) You","https://www.npmjs.com/package/%40vue%2Fcompiler-core"
"nodejs","@vue/compiler-dom","3.2.37","MIT","Copyright (c) 2018-present, Yuxi (Evan) You","https://www.npmjs.com/package/%40vue%2Fcompiler-dom"
"nodejs","@vue/compiler-sfc","3.2.37","MIT","Copyright (c) 2018-present, Yuxi (Evan) You","https://www.npmjs.com/package/%40vue%2Fcompiler-sfc"
"nodejs","@vue/compiler-ssr","3.2.37","MIT","Copyright (c) 2018-present, Yuxi (Evan) You","https://www.npmjs.com/package/%40vue%2Fcompiler-ssr"
"nodejs","@vue/composition-api","--","MIT","Copyright (c) 2019-present, liximomo(X.L)","https://www.npmjs.com/package/%40vue%2Fcomposition-api"
"nodejs","@vue/devtools-api","6.2.1","MIT","Copyright (c) 2014-present Evan You","https://www.npmjs.com/package/%40vue%2Fdevtools-api"
"nodejs","@vue/reactivity","3.2.37","MIT","Copyright (c) 2018-present, Yuxi (Evan) You","https://www.npmjs.com/package/%40vue%2Freactivity"
"nodejs","@vue/reactivity-transform","3.2.37","MIT","Copyright (c) 2018-present, Yuxi (Evan) You","https://www.npmjs.com/package/%40vue%2Freactivity-transform"
"nodejs","@vue/runtime-core","3.2.37","MIT","Copyright (c) 2018-present, Yuxi (Evan) You","https://www.npmjs.com/package/%40vue%2Fruntime-core"
"nodejs","@vue/runtime-dom","3.2.37","MIT","Copyright (c) 2018-present, Yuxi (Evan) You","https://www.npmjs.com/package/%40vue%2Fruntime-dom"
"nodejs","@vue/server-renderer","3.2.37","MIT","Copyright (c) 2018-present, Yuxi (Evan) You","https://www.npmjs.com/package/%40vue%2Fserver-renderer"
"nodejs","@vue/shared","3.2.37","MIT","Copyright (c) 2018-present, Yuxi (Evan) You","https://www.npmjs.com/package/%40vue%2Fshared"
"nodejs","acorn","8.8.2","MIT","Copyright (C) 20122022 by various contributors (see AUTHORS)","https://www.npmjs.com/package/acorn"
"nodejs","ajv","8.12.0","MIT","Copyright (c) 2015-2021 Evgeny Poberezkin","https://www.npmjs.com/package/ajv"
"nodejs","ansi-regex","5.0.1","MIT","Copyright (c) Sindre Sorhus <sindresorhus@gmail.com> (https://sindresorhus.com)","https://www.npmjs.com/package/ansi-regex"
"nodejs","ansi-styles","3.2.1","MIT","Copyright (c) Sindre Sorhus <sindresorhus@gmail.com> (https://sindresorhus.com)","https://www.npmjs.com/package/ansi-styles"
"nodejs","ansi-styles","4.3.0","MIT","Copyright (c) Sindre Sorhus <sindresorhus@gmail.com> (https://sindresorhus.com)","https://www.npmjs.com/package/ansi-styles"
"nodejs","array-buffer-byte-length","1.0.0","MIT","Copyright (c) 2023 Inspect JS","https://www.npmjs.com/package/array-buffer-byte-length"
"nodejs","async","3.2.4","MIT","Copyright (c) 2010-2018 Caolan McMahon","https://www.npmjs.com/package/async"
"nodejs","asynckit","0.4.0","MIT","Copyright (c) 2016 Alex Indigo","https://www.npmjs.com/package/asynckit"
"nodejs","at-least-node","1.0.0","ISC","Copyright (c) 2020 Ryan Zimmerman <opensrc@ryanzim.com>","https://www.npmjs.com/package/at-least-node"
"nodejs","available-typed-arrays","1.0.5","MIT","Copyright (c) 2020 Inspect JS","https://www.npmjs.com/package/available-typed-arrays"
"nodejs","axios","1.2.1","MIT","Copyright (c) 2014-present Matt Zabriskie","https://www.npmjs.com/package/axios"
"nodejs","babel-plugin-polyfill-corejs2","0.3.3","MIT","Copyright (c) 2020-present Nicolò Ribaudo and other contributors","https://www.npmjs.com/package/babel-plugin-polyfill-corejs2"
"nodejs","babel-plugin-polyfill-corejs3","0.6.0","MIT","Copyright (c) 2020-present Nicolò Ribaudo and other contributors","https://www.npmjs.com/package/babel-plugin-polyfill-corejs3"
"nodejs","babel-plugin-polyfill-regenerator","0.4.1","MIT","Copyright (c) 2020-present Nicolò Ribaudo and other contributors","https://www.npmjs.com/package/babel-plugin-polyfill-regenerator"
"nodejs","balanced-match","1.0.2","MIT","Copyright (c) 2013 Julian Gruber &lt;julian@juliangruber.com&gt;","https://www.npmjs.com/package/balanced-match"
"nodejs","brace-expansion","1.1.11","MIT","Copyright (c) 2013 Julian Gruber <julian@juliangruber.com>","https://www.npmjs.com/package/brace-expansion"
"nodejs","brace-expansion","2.0.1","MIT","Copyright (c) 2013 Julian Gruber <julian@juliangruber.com>","https://www.npmjs.com/package/brace-expansion"
"nodejs","browserslist","4.21.5","MIT","Copyright 2014 Andrey Sitnik <andrey@sitnik.ru> and other contributors","https://www.npmjs.com/package/browserslist"
"nodejs","buffer-from","1.1.2","MIT","Copyright (c) 2016, 2018 Linus Unnebäck","https://www.npmjs.com/package/buffer-from"
"nodejs","builtin-modules","3.3.0","MIT","Copyright (c) Sindre Sorhus <sindresorhus@gmail.com> (https://sindresorhus.com)","https://www.npmjs.com/package/builtin-modules"
"nodejs","call-bind","1.0.2","MIT","Copyright (c) 2020 Jordan Harband","https://www.npmjs.com/package/call-bind"
"nodejs","caniuse-lite","1.0.30001469","CC-BY-4.0","Copyright and Similar Rights means copyright and/or similar rights      closely related to copyright including, without limitation,      performance, broadcast, sound recording, and Sui Generis Database      Rights, without regard to how the rights are labeled or      categorized","https://www.npmjs.com/package/caniuse-lite"
"nodejs","chalk","2.4.2","MIT","Copyright (c) Sindre Sorhus <sindresorhus@gmail.com> (https://sindresorhus.com)","https://www.npmjs.com/package/chalk"
"nodejs","chalk","4.1.2","MIT","Copyright (c) Sindre Sorhus <sindresorhus@gmail.com> (https://sindresorhus.com)","https://www.npmjs.com/package/chalk"
"nodejs","cliui","7.0.4","ISC","Copyright (c) 2015, Contributors","https://www.npmjs.com/package/cliui"
"nodejs","cliui","8.0.1","ISC","Copyright (c) 2015, Contributors","https://www.npmjs.com/package/cliui"
"nodejs","color-convert","1.9.3","MIT","Copyright (c) 2011-2016 Heather Arthur <fayearthur@gmail.com>.Copyright (c) 2016-2021 Josh Junon <josh@junon.me>.","https://www.npmjs.com/package/color-convert"
"nodejs","color-convert","2.0.1","MIT","Copyright (c) 2011-2016 Heather Arthur <fayearthur@gmail.com>.Copyright (c) 2016-2021 Josh Junon <josh@junon.me>.","https://www.npmjs.com/package/color-convert"
"nodejs","color-name","1.1.3","MIT","Copyright (c) 2015 Dmitry Ivanov","https://www.npmjs.com/package/color-name"
"nodejs","color-name","1.1.4","MIT","Copyright (c) 2015 Dmitry Ivanov","https://www.npmjs.com/package/color-name"
"nodejs","combined-stream","1.0.8","MIT","Copyright (c) 2011 Debuggable Limited","https://www.npmjs.com/package/combined-stream"
"nodejs","commander","2.20.3","MIT","Copyright (c) 2011 TJ Holowaychuk <tj@vision-media.ca>","https://www.npmjs.com/package/commander"
"nodejs","common-tags","1.8.2","MIT","Copyright (c) Declan de Wet","https://www.npmjs.com/package/common-tags"
"nodejs","concat-map","0.0.1","MIT","","https://www.npmjs.com/package/concat-map"
"nodejs","convert-source-map","1.9.0","MIT","Copyright 2013 Thorsten Lorenz. All rights reserved.","https://www.npmjs.com/package/convert-source-map"
"nodejs","core-js-compat","3.29.1","MIT","Copyright (c) 2014-2023 Denis Pushkarev","https://www.npmjs.com/package/core-js-compat"
"nodejs","crypto-random-string","2.0.0","MIT","Copyright (c) Sindre Sorhus <sindresorhus@gmail.com> (https://sindresorhus.com)","https://www.npmjs.com/package/crypto-random-string"
"nodejs","csstype","2.6.20","MIT","Copyright (c) 2017-2018 Fredrik Nicol","https://www.npmjs.com/package/csstype"
"nodejs","date-fns","2.29.3","MIT","Copyright (c) 2021 Sasha Koss and Lesha Koss https://kossnocorp.mit-license.org","https://www.npmjs.com/package/date-fns"
"nodejs","debug","4.3.4","MIT","Copyright (c) 2014-2017 TJ Holowaychuk <tj@vision-media.ca>Copyright (c) 2018-2021 Josh Junon","https://www.npmjs.com/package/debug"
"nodejs","deepmerge","4.3.1","MIT","Copyright (c) 2012 James Halliday, Josh Duff, and other contributors","https://www.npmjs.com/package/deepmerge"
"nodejs","define-properties","1.2.0","MIT","Copyright (C) 2015 Jordan Harband","https://www.npmjs.com/package/define-properties"
"nodejs","delayed-stream","1.0.0","MIT","Copyright (c) 2011 Debuggable Limited","https://www.npmjs.com/package/delayed-stream"
"nodejs","ejs","3.1.9","Apache-2.0","Copyright 2112 Matthew Eernisse (mdefleegix.org)","https://www.npmjs.com/package/ejs"
"nodejs","electron-to-chromium","1.4.334","ISC","Copyright 2018 Kilian Valkhof","https://www.npmjs.com/package/electron-to-chromium"
"nodejs","emoji-regex","8.0.0","MIT","Copyright Mathias Bynens","https://www.npmjs.com/package/emoji-regex"
"nodejs","encoding","--","MIT","Copyright (c) 2012-2014 Andris Reinman","https://www.npmjs.com/package/encoding"
"nodejs","es-abstract","1.21.2","MIT","Copyright (C) 2015 Jordan Harband","https://www.npmjs.com/package/es-abstract"
"nodejs","es-set-tostringtag","2.0.1","MIT","Copyright (c) 2022 ECMAScript Shims","https://www.npmjs.com/package/es-set-tostringtag"
"nodejs","es-to-primitive","1.2.1","MIT","Copyright (c) 2015 Jordan Harband","https://www.npmjs.com/package/es-to-primitive"
"nodejs","esbuild","0.17.2","MIT","Copyright (c) 2020 Evan Wallace","https://www.npmjs.com/package/esbuild"
"nodejs","escalade","3.1.1","MIT","Copyright (c) Luke Edwards <luke.edwards05@gmail.com> (lukeed.com)","https://www.npmjs.com/package/escalade"
"nodejs","escape-string-regexp","1.0.5","MIT","Copyright (c) Sindre Sorhus <sindresorhus@gmail.com> (https://sindresorhus.com)","https://www.npmjs.com/package/escape-string-regexp"
"nodejs","estree-walker","1.0.1","MIT","Copyright (c) 2015-20 [these people](https://github.com/Rich-Harris/estree-walker/graphs/contributors)","https://www.npmjs.com/package/estree-walker"
"nodejs","estree-walker","2.0.2","MIT","Copyright (c) 2015-20 [these people](https://github.com/Rich-Harris/estree-walker/graphs/contributors)","https://www.npmjs.com/package/estree-walker"
"nodejs","esutils","2.0.3","BSD-2-Clause","Copyright (C) 2013 [Yusuke Suzuki](http://github.com/Constellation) (twitter: [@Constellation](http://twitter.com/Constellation)) and other contributors.","https://www.npmjs.com/package/esutils"
"nodejs","fast-deep-equal","3.1.3","MIT","Copyright (c) 2017 Evgeny Poberezkin","https://www.npmjs.com/package/fast-deep-equal"
"nodejs","fast-json-stable-stringify","2.1.0","MIT","Copyright (c) 2017 Evgeny PoberezkinCopyright (c) 2013 James Halliday","https://www.npmjs.com/package/fast-json-stable-stringify"
"nodejs","faye-websocket","0.11.4","Apache-2.0,MIT","Copyright 2010-2021 James Coglan","https://www.npmjs.com/package/faye-websocket"
"nodejs","filelist","1.0.4","Apache-2.0","Copyright 2112 Matthew Eernisse (mdefleegix.org)","https://www.npmjs.com/package/filelist"
"nodejs","firebase","9.22.1","Apache-2.0","Copyright 2017 Google LLC","https://www.npmjs.com/package/firebase"
"nodejs","follow-redirects","1.15.2","MIT","Copyright 2014–present Olivier Lalonde <olalonde@gmail.com>, James Talmage <james@talmage.io>, Ruben Verborgh","https://www.npmjs.com/package/follow-redirects"
"nodejs","for-each","0.3.3","MIT","Copyright (c) 2012 Raynos.","https://www.npmjs.com/package/for-each"
"nodejs","form-data","4.0.0","MIT","Copyright (c) 2012 Felix Geisendrfer (felixdebuggable.com) and contributors","https://www.npmjs.com/package/form-data"
"nodejs","fs-extra","9.1.0","MIT","Copyright (c) 2011-2017 JP Richardson","https://www.npmjs.com/package/fs-extra"
"nodejs","fs.realpath","1.0.0","ISC","Copyright (c) 2016-2023 Isaac Z. Schlueter and Contributors","https://www.npmjs.com/package/fs.realpath"
"nodejs","fsevents","--","MIT","Copyright (C) 2010-2020 by Philipp Dunkel, Ben Noordhuis, Elan Shankar, Paul Miller","https://www.npmjs.com/package/fsevents"
"nodejs","function-bind","1.1.1","MIT","Copyright (c) 2013 Raynos.","https://www.npmjs.com/package/function-bind"
"nodejs","function.prototype.name","1.1.5","MIT","Copyright (c) 2016 Jordan Harband","https://www.npmjs.com/package/function.prototype.name"
"nodejs","functions-have-names","1.2.3","MIT","Copyright (c) 2019 Jordan Harband","https://www.npmjs.com/package/functions-have-names"
"nodejs","gensync","1.0.0-beta.2","MIT","Copyright 2018 Logan Smyth <loganfsmyth@gmail.com>","https://www.npmjs.com/package/gensync"
"nodejs","get-caller-file","2.0.5","ISC","Copyright 2018 Stefan Penner","https://www.npmjs.com/package/get-caller-file"
"nodejs","get-intrinsic","1.2.0","MIT","Copyright (c) 2020 Jordan Harband","https://www.npmjs.com/package/get-intrinsic"
"nodejs","get-own-enumerable-property-symbols","3.0.2","ISC","Copyright (c) 2019, Shahar Or","https://www.npmjs.com/package/get-own-enumerable-property-symbols"
"nodejs","get-symbol-description","1.0.0","MIT","Copyright (c) 2021 Inspect JS","https://www.npmjs.com/package/get-symbol-description"
"nodejs","glob","7.2.3","ISC","Copyright (c) 2009-2023 Isaac Z. Schlueter and Contributors","https://www.npmjs.com/package/glob"
"nodejs","globals","11.12.0","MIT","Copyright (c) Sindre Sorhus <sindresorhus@gmail.com> (https://sindresorhus.com)","https://www.npmjs.com/package/globals"
"nodejs","globalthis","1.0.3","MIT","Copyright (c) 2016 Jordan Harband","https://www.npmjs.com/package/globalthis"
"nodejs","gopd","1.0.1","MIT","Copyright (c) 2022 Jordan Harband","https://www.npmjs.com/package/gopd"
"nodejs","graceful-fs","4.2.11","ISC","Copyright (c) 2011-2023 Isaac Z. Schlueter, Ben Noordhuis, and Contributors","https://www.npmjs.com/package/graceful-fs"
"nodejs","has","1.0.3","MIT","Copyright (c) 2013 Thiago de Arruda","https://www.npmjs.com/package/has"
"nodejs","has-bigints","1.0.2","MIT","Copyright (c) 2019 Jordan Harband","https://www.npmjs.com/package/has-bigints"
"nodejs","has-flag","3.0.0","MIT","Copyright (c) Sindre Sorhus <sindresorhus@gmail.com> (https://sindresorhus.com)","https://www.npmjs.com/package/has-flag"
"nodejs","has-flag","4.0.0","MIT","Copyright (c) Sindre Sorhus <sindresorhus@gmail.com> (https://sindresorhus.com)","https://www.npmjs.com/package/has-flag"
"nodejs","has-property-descriptors","1.0.0","MIT","Copyright (c) 2022 Inspect JS","https://www.npmjs.com/package/has-property-descriptors"
"nodejs","has-proto","1.0.1","MIT","Copyright (c) 2022 Inspect JS","https://www.npmjs.com/package/has-proto"
"nodejs","has-symbols","1.0.3","MIT","Copyright (c) 2016 Jordan Harband","https://www.npmjs.com/package/has-symbols"
"nodejs","has-tostringtag","1.0.0","MIT","Copyright (c) 2021 Inspect JS","https://www.npmjs.com/package/has-tostringtag"
"nodejs","http-parser-js","0.5.8","MIT","Copyright (c) 2015 Tim Caswell (https://github.com/creationix) and othercontributors. All rights reserved.","https://www.npmjs.com/package/http-parser-js"
"nodejs","idb","7.0.1","ISC","Copyright (c) 2016, Jake Archibald <jaffathecake@gmail.com>","https://www.npmjs.com/package/idb"
"nodejs","idb","7.1.1","ISC","Copyright (c) 2016, Jake Archibald <jaffathecake@gmail.com>","https://www.npmjs.com/package/idb"
"nodejs","inflight","1.0.6","ISC","Copyright (c) Isaac Z. Schlueter","https://www.npmjs.com/package/inflight"
"nodejs","inherits","2.0.4","ISC","Copyright (c) 2011-2023 Isaac Z. Schlueter","https://www.npmjs.com/package/inherits"
"nodejs","internal-slot","1.0.5","MIT","Copyright (c) 2019 Jordan Harband","https://www.npmjs.com/package/internal-slot"
"nodejs","is-array-buffer","3.0.2","MIT","Copyright (c) 2015 Chen Gengyuan, Inspect JS","https://www.npmjs.com/package/is-array-buffer"
"nodejs","is-bigint","1.0.4","MIT","Copyright (c) 2018 Jordan Harband","https://www.npmjs.com/package/is-bigint"
"nodejs","is-boolean-object","1.1.2","MIT","Copyright (c) 2015 Jordan Harband","https://www.npmjs.com/package/is-boolean-object"
"nodejs","is-callable","1.2.7","MIT","Copyright (c) 2015 Jordan Harband","https://www.npmjs.com/package/is-callable"
"nodejs","is-core-module","2.10.0","MIT","Copyright (c) 2014 Dave Justice","https://www.npmjs.com/package/is-core-module"
"nodejs","is-date-object","1.0.5","MIT","Copyright (c) 2015 Jordan Harband","https://www.npmjs.com/package/is-date-object"
"nodejs","is-fullwidth-code-point","3.0.0","MIT","Copyright (c) Sindre Sorhus <sindresorhus@gmail.com> (https://sindresorhus.com)","https://www.npmjs.com/package/is-fullwidth-code-point"
"nodejs","is-module","1.0.0","MIT","Copyright (c) 2014 Anton Wilhelm","https://www.npmjs.com/package/is-module"
"nodejs","is-negative-zero","2.0.2","MIT","Copyright (c) 2014 Jordan Harband","https://www.npmjs.com/package/is-negative-zero"
"nodejs","is-number-object","1.0.7","MIT","Copyright (c) 2015 Jordan Harband","https://www.npmjs.com/package/is-number-object"
"nodejs","is-obj","1.0.1","MIT","Copyright (c) Sindre Sorhus <sindresorhus@gmail.com> (https://sindresorhus.com)","https://www.npmjs.com/package/is-obj"
"nodejs","is-regex","1.1.4","MIT","Copyright (c) 2014 Jordan Harband","https://www.npmjs.com/package/is-regex"
"nodejs","is-regexp","1.0.0","MIT","Copyright (c) Sindre Sorhus <sindresorhus@gmail.com> (https://sindresorhus.com)","https://www.npmjs.com/package/is-regexp"
"nodejs","is-shared-array-buffer","1.0.2","MIT","Copyright (c) 2021 Inspect JS","https://www.npmjs.com/package/is-shared-array-buffer"
"nodejs","is-stream","2.0.1","MIT","Copyright (c) Sindre Sorhus <sindresorhus@gmail.com> (https://sindresorhus.com)","https://www.npmjs.com/package/is-stream"
"nodejs","is-string","1.0.7","MIT","Copyright (c) 2015 Jordan Harband","https://www.npmjs.com/package/is-string"
"nodejs","is-symbol","1.0.4","MIT","Copyright (c) 2015 Jordan Harband","https://www.npmjs.com/package/is-symbol"
"nodejs","is-typed-array","1.1.10","MIT","Copyright (c) 2015 Jordan Harband","https://www.npmjs.com/package/is-typed-array"
"nodejs","is-weakref","1.0.2","MIT","Copyright (c) 2020 Inspect JS","https://www.npmjs.com/package/is-weakref"
"nodejs","jake","10.8.5","Apache-2.0","Copyright 2112 Matthew Eernisse (mdefleegix.org)","https://www.npmjs.com/package/jake"
"nodejs","jest-worker","26.6.2","MIT","Copyright (c) Meta Platforms, Inc. and affiliates.","https://www.npmjs.com/package/jest-worker"
"nodejs","js-tokens","4.0.0","MIT","Copyright (c) 2014, 2015, 2016, 2017, 2018, 2019, 2020, 2021, 2022, 2023 Simon Lydell","https://www.npmjs.com/package/js-tokens"
"nodejs","jsesc","0.5.0","MIT","Copyright Mathias Bynens","https://www.npmjs.com/package/jsesc"
"nodejs","jsesc","2.5.2","MIT","Copyright Mathias Bynens","https://www.npmjs.com/package/jsesc"
"nodejs","json-schema","0.4.0","BSD-3-Clause","Copyright (c) 2005-2015, The Dojo FoundationAll rights reserved.","https://www.npmjs.com/package/json-schema"
"nodejs","json-schema-traverse","1.0.0","MIT","Copyright (c) 2017 Evgeny Poberezkin","https://www.npmjs.com/package/json-schema-traverse"
"nodejs","json5","2.2.3","MIT","Copyright (c) 2012-2018 Aseem Kishore, and [others].","https://www.npmjs.com/package/json5"
"nodejs","jsonfile","6.1.0","MIT","Copyright (c) 2012-2015, JP Richardson <jprichardson@gmail.com>","https://www.npmjs.com/package/jsonfile"
"nodejs","jsonpointer","5.0.1","MIT","Copyright (c) 2011-2015 Jan Lehnardt <jan@apache.org> & Marc Bachmann <https://github.com/marcbachmann>","https://www.npmjs.com/package/jsonpointer"
"nodejs","just-validate","4.0.2","MIT","Copyright (c) 2017 Horprogs","https://www.npmjs.com/package/just-validate"
"nodejs","less","--","Apache-2.0","Copyright (c) 2009-2017 [Alexis Sellier](http://cloudhead.io) & The Core Less TeamLicensed under the [Apache License](LICENSE).","https://www.npmjs.com/package/less"
"nodejs","leven","3.1.0","MIT","Copyright (c) Sindre Sorhus <sindresorhus@gmail.com> (https://sindresorhus.com)","https://www.npmjs.com/package/leven"
"nodejs","lodash","4.17.21","MIT","Copyright and related rights for sample code are waived via CC0. Samplecode is defined as all source code displayed within the prose of thedocumentation.","https://www.npmjs.com/package/lodash"
"nodejs","lodash.camelcase","4.3.0","MIT","Copyright and related rights for sample code are waived via CC0. Samplecode is defined as all source code displayed within the prose of thedocumentation.","https://www.npmjs.com/package/lodash.camelcase"
"nodejs","lodash.debounce","4.0.8","MIT","Copyright and related rights for sample code are waived via CC0. Samplecode is defined as all source code displayed within the prose of thedocumentation.","https://www.npmjs.com/package/lodash.debounce"
"nodejs","lodash.sortby","4.7.0","MIT","Copyright and related rights for sample code are waived via CC0. Samplecode is defined as all source code displayed within the prose of thedocumentation.","https://www.npmjs.com/package/lodash.sortby"
"nodejs","long","4.0.0","Apache-2.0","Copyright 2020 Daniel Wirtz / The long.js Authors.","https://www.npmjs.com/package/long"
"nodejs","long","5.2.3","Apache-2.0","Copyright 2020 Daniel Wirtz / The long.js Authors.","https://www.npmjs.com/package/long"
"nodejs","lru-cache","5.1.1","ISC","Copyright (c) 2010-2023 Isaac Z. Schlueter and Contributors","https://www.npmjs.com/package/lru-cache"
"nodejs","magic-string","0.25.9","MIT","Copyright 2018 Rich Harris","https://www.npmjs.com/package/magic-string"
"nodejs","merge-stream","2.0.0","MIT","Copyright (c) 2013 Stephen Sugden <me@stephensugden.com> (stephensugden.com)","https://www.npmjs.com/package/merge-stream"
"nodejs","mime-db","1.52.0","MIT","Copyright (c) 2014 Jonathan Ong <me@jongleberry.com>Copyright (c) 2015-2022 Douglas Christopher Wilson <doug@somethingdoug.com>","https://www.npmjs.com/package/mime-db"
"nodejs","mime-types","2.1.35","MIT","Copyright (c) 2014 Jonathan Ong <me@jongleberry.com>Copyright (c) 2015 Douglas Christopher Wilson <doug@somethingdoug.com>","https://www.npmjs.com/package/mime-types"
"nodejs","minimatch","3.1.2","ISC","Copyright (c) 2011-2023 Isaac Z. Schlueter and Contributors","https://www.npmjs.com/package/minimatch"
"nodejs","minimatch","5.1.6","ISC","Copyright (c) 2011-2023 Isaac Z. Schlueter and Contributors","https://www.npmjs.com/package/minimatch"
"nodejs","ms","2.1.2","MIT","Copyright (c) 2022 Vercel, Inc.","https://www.npmjs.com/package/ms"
"nodejs","nanoid","3.3.4","MIT","Copyright 2017 Andrey Sitnik <andrey@sitnik.ru>","https://www.npmjs.com/package/nanoid"
"nodejs","node-fetch","2.6.7","MIT","Copyright (c) 2016 - 2020 Node Fetch Team","https://www.npmjs.com/package/node-fetch"
"nodejs","node-releases","2.0.10","MIT","Copyright (c) 2017 Sergey Rubanov (https://github.com/chicoxyzzy)","https://www.npmjs.com/package/node-releases"
"nodejs","object-inspect","1.12.3","MIT","Copyright (c) 2013 James Halliday","https://www.npmjs.com/package/object-inspect"
"nodejs","object-keys","1.1.1","MIT","Copyright (C) 2013 Jordan Harband","https://www.npmjs.com/package/object-keys"
"nodejs","object.assign","4.1.4","MIT","Copyright (c) 2014 Jordan Harband","https://www.npmjs.com/package/object.assign"
"nodejs","once","1.4.0","ISC","Copyright (c) 2012-2022 Isaac Z. Schlueter and Contributors","https://www.npmjs.com/package/once"
"nodejs","path-is-absolute","1.0.1","MIT","Copyright (c) Sindre Sorhus <sindresorhus@gmail.com> (sindresorhus.com)","https://www.npmjs.com/package/path-is-absolute"
"nodejs","path-parse","1.0.7","MIT","Copyright (c) 2015 Javier Blanco","https://www.npmjs.com/package/path-parse"
"nodejs","picocolors","1.0.0","ISC","Copyright (c) 2021 Alexey Raspopov, Kostiantyn Denysov, Anton Verinov","https://www.npmjs.com/package/picocolors"
"nodejs","picomatch","2.3.1","MIT","Copyright (c) 2017-present, Jon Schlinkert.","https://www.npmjs.com/package/picomatch"
"nodejs","pinia","2.0.20","MIT","Copyright (c) 2019-present Eduardo San Martin Morote","https://www.npmjs.com/package/pinia"
"nodejs","postcss","8.4.21","MIT","Copyright 2013 Andrey Sitnik <andrey@sitnik.ru>","https://www.npmjs.com/package/postcss"
"nodejs","pretty-bytes","5.6.0","MIT","Copyright (c) Sindre Sorhus <sindresorhus@gmail.com> (https://sindresorhus.com)","https://www.npmjs.com/package/pretty-bytes"
"nodejs","protobufjs","6.11.3","BSD-3-Clause","Copyright (c) 2016, Daniel Wirtz  All rights reserved.","https://www.npmjs.com/package/protobufjs"
"nodejs","protobufjs","7.2.3","BSD-3-Clause","Copyright (c) 2016, Daniel Wirtz  All rights reserved.","https://www.npmjs.com/package/protobufjs"
"nodejs","proxy-from-env","1.1.0","MIT","Copyright (C) 2016-2018 Rob Wu <rob@robwu.nl>","https://www.npmjs.com/package/proxy-from-env"
"nodejs","punycode","2.3.0","MIT","Copyright Mathias Bynens","https://www.npmjs.com/package/punycode"
"nodejs","randombytes","2.1.0","MIT","Copyright (c) 2017 cryptobrowserify","https://www.npmjs.com/package/randombytes"
"nodejs","regenerate","1.4.2","MIT","Copyright Mathias Bynens","https://www.npmjs.com/package/regenerate"
"nodejs","regenerate-unicode-properties","10.1.0","MIT","Copyright Mathias Bynens","https://www.npmjs.com/package/regenerate-unicode-properties"
"nodejs","regenerator-runtime","0.13.11","MIT","Copyright (c) 2014-present, Facebook, Inc.","https://www.npmjs.com/package/regenerator-runtime"
"nodejs","regenerator-transform","0.15.1","MIT","Copyright (c) 2014-present, Facebook, Inc.","https://www.npmjs.com/package/regenerator-transform"
"nodejs","regexp.prototype.flags","1.4.3","MIT","Copyright (C) 2014 Jordan Harband","https://www.npmjs.com/package/regexp.prototype.flags"
"nodejs","regexpu-core","5.3.2","MIT","Copyright Mathias Bynens","https://www.npmjs.com/package/regexpu-core"
"nodejs","regjsparser","0.9.1","BSD-2-Clause","Copyright (c) Julian Viereck and Contributors, All Rights Reserved.","https://www.npmjs.com/package/regjsparser"
"nodejs","require-directory","2.1.1","MIT","Copyright (c) 2011 Troy Goode <troygoode@gmail.com>","https://www.npmjs.com/package/require-directory"
"nodejs","require-from-string","2.0.2","MIT","Copyright (c) Vsevolod Strukchinsky <floatdrop@gmail.com> (github.com/floatdrop)","https://www.npmjs.com/package/require-from-string"
"nodejs","resolve","1.22.1","MIT","Copyright (c) 2012 James Halliday","https://www.npmjs.com/package/resolve"
"nodejs","rollup","2.77.3","MIT","Copyright (c) 2017 [these people](https://github.com/rollup/rollup/graphs/contributors)","https://www.npmjs.com/package/rollup"
"nodejs","rollup-plugin-terser","7.0.2","MIT","Copyright 2018 Bogdan Chadkin <trysound@yandex.ru>","https://www.npmjs.com/package/rollup-plugin-terser"
"nodejs","safe-buffer","5.2.1","MIT","Copyright (c) Feross Aboukhadijeh","https://www.npmjs.com/package/safe-buffer"
"nodejs","safe-regex-test","1.0.0","MIT","Copyright (c) 2022 Jordan Harband","https://www.npmjs.com/package/safe-regex-test"
"nodejs","semver","6.3.0","ISC","Copyright (c) Isaac Z. Schlueter and Contributors","https://www.npmjs.com/package/semver"
"nodejs","serialize-javascript","4.0.0","BSD-3-Clause","Copyright 2014 Yahoo! Inc.All rights reserved.","https://www.npmjs.com/package/serialize-javascript"
"nodejs","side-channel","1.0.4","MIT","Copyright (c) 2019 Jordan Harband","https://www.npmjs.com/package/side-channel"
"nodejs","source-map","0.6.1","BSD-3-Clause","Copyright (c) 2009-2011, Mozilla Foundation and contributorsAll rights reserved.","https://www.npmjs.com/package/source-map"
"nodejs","source-map","0.8.0-beta.0","BSD-3-Clause","Copyright (c) 2009-2011, Mozilla Foundation and contributorsAll rights reserved.","https://www.npmjs.com/package/source-map"
"nodejs","source-map-js","1.0.2","BSD-3-Clause","Copyright (c) 2009-2011, Mozilla Foundation and contributorsAll rights reserved.","https://www.npmjs.com/package/source-map-js"
"nodejs","source-map-support","0.5.21","MIT","Copyright (c) 2014 Evan Wallace","https://www.npmjs.com/package/source-map-support"
"nodejs","sourcemap-codec","1.4.8","MIT","Copyright (c) 2015 Rich Harris","https://www.npmjs.com/package/sourcemap-codec"
"nodejs","string-width","4.2.3","MIT","Copyright (c) Sindre Sorhus <sindresorhus@gmail.com> (https://sindresorhus.com)","https://www.npmjs.com/package/string-width"
"nodejs","string.prototype.matchall","4.0.8","MIT","Copyright (c) 2015 Jordan Harband","https://www.npmjs.com/package/string.prototype.matchall"
"nodejs","string.prototype.trim","1.2.7","MIT","Copyright (c) 2015 Jordan Harband","https://www.npmjs.com/package/string.prototype.trim"
"nodejs","string.prototype.trimend","1.0.6","MIT","Copyright (c) 2017 Khaled Al-Ansari","https://www.npmjs.com/package/string.prototype.trimend"
"nodejs","string.prototype.trimstart","1.0.6","MIT","Copyright (c) 2017 Khaled Al-Ansari","https://www.npmjs.com/package/string.prototype.trimstart"
"nodejs","stringify-object","3.3.0","BSD-2-Clause","Copyright (c) 2015, Yeoman teamAll rights reserved.","https://www.npmjs.com/package/stringify-object"
"nodejs","strip-ansi","6.0.1","MIT","Copyright (c) Sindre Sorhus <sindresorhus@gmail.com> (https://sindresorhus.com)","https://www.npmjs.com/package/strip-ansi"
"nodejs","strip-comments","2.0.1","MIT","Copyright (c) 2014-present, Jon Schlinkert.","https://www.npmjs.com/package/strip-comments"
"nodejs","stylus","--","MIT","Copyright (c) Automattic <developer.wordpress.com>","https://www.npmjs.com/package/stylus"
"nodejs","sugarss","--","MIT","Copyright 2016 Andrey Sitnik <andrey@sitnik.ru>","https://www.npmjs.com/package/sugarss"
"nodejs","supports-color","5.5.0","MIT","Copyright (c) Sindre Sorhus <sindresorhus@gmail.com> (https://sindresorhus.com)","https://www.npmjs.com/package/supports-color"
"nodejs","supports-color","7.2.0","MIT","Copyright (c) Sindre Sorhus <sindresorhus@gmail.com> (https://sindresorhus.com)","https://www.npmjs.com/package/supports-color"
"nodejs","supports-preserve-symlinks-flag","1.0.0","MIT","Copyright (c) 2022 Inspect JS","https://www.npmjs.com/package/supports-preserve-symlinks-flag"
"nodejs","temp-dir","2.0.0","MIT","Copyright (c) Sindre Sorhus <sindresorhus@gmail.com> (https://sindresorhus.com)","https://www.npmjs.com/package/temp-dir"
"nodejs","tempy","0.6.0","MIT","Copyright (c) Sindre Sorhus <sindresorhus@gmail.com> (https://sindresorhus.com)","https://www.npmjs.com/package/tempy"
"nodejs","terser","5.16.6","BSD-2-Clause","Copyright 2012-2018 (c) Mihai Bazon <mihai.bazon@gmail.com>","https://www.npmjs.com/package/terser"
"nodejs","to-fast-properties","2.0.0","MIT","Copyright (c) Petka AntonovCopyright (c) Benjamin GruenbaumCopyright (c) John-David DaltonCopyright (c) Sindre Sorhus","https://www.npmjs.com/package/to-fast-properties"
"nodejs","tr46","0.0.3","MIT","Copyright (c) Sebastian Mayr","https://www.npmjs.com/package/tr46"
"nodejs","tr46","1.0.1","MIT","Copyright (c) Sebastian Mayr","https://www.npmjs.com/package/tr46"
"nodejs","tslib","2.5.0","0BSD","Copyright (c) Microsoft Corporation.","https://www.npmjs.com/package/tslib"
"nodejs","type-fest","0.16.0","MIT","Copyright (c) Sindre Sorhus (https://sindresorhus.com)","https://www.npmjs.com/package/type-fest"
"nodejs","typed-array-length","1.0.4","MIT","Copyright (c) 2020 Inspect JS","https://www.npmjs.com/package/typed-array-length"
"nodejs","typescript","--","Apache-2.0","","https://www.npmjs.com/package/typescript"
"nodejs","unbox-primitive","1.0.2","MIT","Copyright (c) 2019 Jordan Harband","https://www.npmjs.com/package/unbox-primitive"
"nodejs","unicode-canonical-property-names-ecmascript","2.0.0","MIT","Copyright Mathias Bynens","https://www.npmjs.com/package/unicode-canonical-property-names-ecmascript"
"nodejs","unicode-match-property-ecmascript","2.0.0","MIT","Copyright Mathias Bynens","https://www.npmjs.com/package/unicode-match-property-ecmascript"
"nodejs","unicode-match-property-value-ecmascript","2.1.0","MIT","Copyright Mathias Bynens","https://www.npmjs.com/package/unicode-match-property-value-ecmascript"
"nodejs","unicode-property-aliases-ecmascript","2.1.0","MIT","Copyright Mathias Bynens","https://www.npmjs.com/package/unicode-property-aliases-ecmascript"
"nodejs","unique-string","2.0.0","MIT","Copyright (c) Sindre Sorhus <sindresorhus@gmail.com> (https://sindresorhus.com)","https://www.npmjs.com/package/unique-string"
"nodejs","universalify","2.0.0","MIT","Copyright (c) 2017, Ryan Zimmerman <opensrc@ryanzim.com>","https://www.npmjs.com/package/universalify"
"nodejs","upath","1.2.0","MIT","Copyright(c) 2014-2023 Angelos Pikoulas (agelos.pikoulas@gmail.com) a.k.a AnoDyNoS","https://www.npmjs.com/package/upath"
"nodejs","update-browserslist-db","1.0.10","MIT","Copyright 2022 Andrey Sitnik <andrey@sitnik.ru> and other contributors","https://www.npmjs.com/package/update-browserslist-db"
"nodejs","uri-js","4.4.1","BSD-2-Clause","Copyright 2011 Gary Court. All rights reserved.","https://www.npmjs.com/package/uri-js"
"nodejs","vue","3.2.37","MIT","Copyright (c) 2018-present, Yuxi (Evan) You","https://www.npmjs.com/package/vue"
"nodejs","vue-demi","0.13.11","MIT","Copyright (c) 2020-present, Anthony Fu","https://www.npmjs.com/package/vue-demi"
"nodejs","vue-meta","3.0.0-alpha.2","MIT","Copyright (c) 2016-2019- Declan de Wet- Sébastien Chopin- All the amazing contributors (https://github.com/nuxt/vue-meta/graphs/contributors)","https://www.npmjs.com/package/vue-meta"
"nodejs","vue-router","4.1.5","MIT","Copyright (c) 2019-present Eduardo San Martin Morote","https://www.npmjs.com/package/vue-router"
"nodejs","webidl-conversions","3.0.1","BSD-2-Clause","Copyright (c) 2014, Domenic DenicolaAll rights reserved.","https://www.npmjs.com/package/webidl-conversions"
"nodejs","webidl-conversions","4.0.2","BSD-2-Clause","Copyright (c) 2014, Domenic DenicolaAll rights reserved.","https://www.npmjs.com/package/webidl-conversions"
"nodejs","websocket-driver","0.7.4","Apache-2.0,MIT","Copyright 2010-2020 James Coglan","https://www.npmjs.com/package/websocket-driver"
"nodejs","websocket-extensions","0.1.4","MIT","Copyright 2014-2020 James Coglan","https://www.npmjs.com/package/websocket-extensions"
"nodejs","whatwg-url","5.0.0","MIT","Copyright (c) Sebastian Mayr","https://www.npmjs.com/package/whatwg-url"
"nodejs","whatwg-url","7.1.0","MIT","Copyright (c) Sebastian Mayr","https://www.npmjs.com/package/whatwg-url"
"nodejs","which-boxed-primitive","1.0.2","MIT","Copyright (c) 2019 Jordan Harband","https://www.npmjs.com/package/which-boxed-primitive"
"nodejs","which-typed-array","1.1.9","MIT","Copyright (c) 2015 Jordan Harband","https://www.npmjs.com/package/which-typed-array"
"nodejs","workbox-background-sync","6.5.4","MIT","Copyright 2018 Google LLC","https://www.npmjs.com/package/workbox-background-sync"
"nodejs","workbox-broadcast-update","6.5.4","MIT","Copyright 2018 Google LLC","https://www.npmjs.com/package/workbox-broadcast-update"
"nodejs","workbox-build","6.5.4","MIT","Copyright 2018 Google LLC","https://www.npmjs.com/package/workbox-build"
"nodejs","workbox-cacheable-response","6.5.4","MIT","Copyright 2018 Google LLC","https://www.npmjs.com/package/workbox-cacheable-response"
"nodejs","workbox-core","6.5.4","MIT","Copyright 2018 Google LLC","https://www.npmjs.com/package/workbox-core"
"nodejs","workbox-expiration","6.5.4","MIT","Copyright 2018 Google LLC","https://www.npmjs.com/package/workbox-expiration"
"nodejs","workbox-google-analytics","6.5.4","MIT","Copyright 2018 Google LLC","https://www.npmjs.com/package/workbox-google-analytics"
"nodejs","workbox-navigation-preload","6.5.4","MIT","Copyright 2018 Google LLC","https://www.npmjs.com/package/workbox-navigation-preload"
"nodejs","workbox-precaching","6.5.4","MIT","Copyright 2018 Google LLC","https://www.npmjs.com/package/workbox-precaching"
"nodejs","workbox-range-requests","6.5.4","MIT","Copyright 2018 Google LLC","https://www.npmjs.com/package/workbox-range-requests"
"nodejs","workbox-recipes","6.5.4","MIT","Copyright 2018 Google LLC","https://www.npmjs.com/package/workbox-recipes"
"nodejs","workbox-routing","6.5.4","MIT","Copyright 2018 Google LLC","https://www.npmjs.com/package/workbox-routing"
"nodejs","workbox-strategies","6.5.4","MIT","Copyright 2018 Google LLC","https://www.npmjs.com/package/workbox-strategies"
"nodejs","workbox-streams","6.5.4","MIT","Copyright 2018 Google LLC","https://www.npmjs.com/package/workbox-streams"
"nodejs","workbox-sw","6.5.4","MIT","Copyright 2018 Google LLC","https://www.npmjs.com/package/workbox-sw"
"nodejs","workbox-window","6.5.4","MIT","Copyright 2018 Google LLC","https://www.npmjs.com/package/workbox-window"
"nodejs","wrap-ansi","7.0.0","MIT","Copyright (c) Sindre Sorhus <sindresorhus@gmail.com> (https://sindresorhus.com)","https://www.npmjs.com/package/wrap-ansi"
"nodejs","wrappy","1.0.2","ISC","Copyright (c) Isaac Z. Schlueter and Contributors","https://www.npmjs.com/package/wrappy"
"nodejs","y18n","5.0.8","ISC","Copyright (c) 2015, Contributors","https://www.npmjs.com/package/y18n"
"nodejs","yallist","3.1.1","ISC","Copyright (c) 2015-2023 Isaac Z. Schlueter and Contributors","https://www.npmjs.com/package/yallist"
"nodejs","yargs","16.2.0","MIT","Copyright 2010 James Halliday (mail@substack.net); Modified work Copyright 2014 Contributors (ben@npmjs.com)","https://www.npmjs.com/package/yargs"
"nodejs","yargs","17.7.2","MIT","Copyright 2010 James Halliday (mail@substack.net); Modified work Copyright 2014 Contributors (ben@npmjs.com)","https://www.npmjs.com/package/yargs"
"nodejs","yargs-parser","20.2.9","ISC","Copyright (c) 2016, Contributors","https://www.npmjs.com/package/yargs-parser"
"nodejs","yargs-parser","21.1.1","ISC","Copyright (c) 2016, Contributors","https://www.npmjs.com/package/yargs-parser"
